<?xml version="1.0" encoding="UTF-8"?>
<ivy-module version="2.0" xmlns:m="http://ant.apache.org/ivy/maven">
	<info organisation="org.springframework.webflow"
		module="spring-webflow"
		revision="2.0.8.RELEASE"
		status="release"
		publication="20110922131234"
	>
		<description homepage="" />
		<m:properties__spring.version>2.5.6.SEC01</m:properties__spring.version>
	</info>
	<configurations>
		<conf name="default" visibility="public" description="runtime dependencies and master artifact can be used with this conf" extends="runtime,master"/>
		<conf name="master" visibility="public" description="contains only the artifact published by this module itself, with no transitive dependencies"/>
		<conf name="compile" visibility="public" description="this is the default scope, used if none is specified. Compile dependencies are available in all classpaths."/>
		<conf name="provided" visibility="public" description="this is much like compile, but indicates you expect the JDK or a container to provide it. It is only available on the compilation classpath, and is not transitive."/>
		<conf name="runtime" visibility="public" description="this scope indicates that the dependency is not required for compilation, but is for execution. It is in the runtime and test classpaths, but not the compile classpath." extends="compile"/>
		<conf name="test" visibility="private" description="this scope indicates that the dependency is not required for normal use of the application, and is only available for the test compilation and execution phases." extends="runtime"/>
		<conf name="system" visibility="public" description="this scope is similar to provided except that you have to provide the JAR which contains it explicitly. The artifact is always available and is not looked up in a repository."/>
		<conf name="sources" visibility="public" description="this configuration contains the source artifact of this module, if any."/>
		<conf name="javadoc" visibility="public" description="this configuration contains the javadoc artifact of this module, if any."/>
		<conf name="optional" visibility="public" description="contains all optional dependencies"/>
	</configurations>
	<publications>
		<artifact name="spring-webflow" type="jar" ext="jar" conf="master"/>
	</publications>
	<dependencies>
		<dependency org="commons-logging" name="commons-logging" rev="1.1.1" force="true" conf="compile->compile(*),master(*);runtime->runtime(*)"/>
		<dependency org="org.springframework" name="spring-beans" rev="2.5.6.SEC01" force="true" conf="compile->compile(*),master(*);runtime->runtime(*)"/>
		<dependency org="org.springframework" name="spring-context" rev="2.5.6.SEC01" force="true" conf="compile->compile(*),master(*);runtime->runtime(*)"/>
		<dependency org="org.springframework" name="spring-core" rev="2.5.6.SEC01" force="true" conf="compile->compile(*),master(*);runtime->runtime(*)"/>
		<dependency org="org.springframework" name="spring-web" rev="2.5.6.SEC01" force="true" conf="compile->compile(*),master(*);runtime->runtime(*)"/>
		<dependency org="org.springframework" name="spring-webmvc" rev="2.5.6.SEC01" force="true" conf="compile->compile(*),master(*);runtime->runtime(*)"/>
		<dependency org="org.springframework.webflow" name="spring-binding" rev="2.0.8.RELEASE" force="true" conf="compile->compile(*),master(*);runtime->runtime(*)"/>
		<dependency org="org.springframework.webflow" name="spring-js" rev="2.0.8.RELEASE" force="true" conf="compile->compile(*),master(*);runtime->runtime(*)"/>
		<dependency org="backport-util-concurrent" name="backport-util-concurrent" rev="3.0" force="true" conf="optional->compile(*),master(*)"/>
		<dependency org="javax.el" name="el-api" rev="1.0" force="true" conf="provided->compile(*),provided(*),runtime(*),master(*)"/>
		<dependency org="javax.persistence" name="persistence-api" rev="1.0" force="true" conf="provided->compile(*),provided(*),runtime(*),master(*)"/>
		<dependency org="javax.portlet" name="portlet-api" rev="1.0" force="true" conf="provided->compile(*),provided(*),runtime(*),master(*)"/>
		<dependency org="javax.servlet" name="servlet-api" rev="2.4" force="true" conf="provided->compile(*),provided(*),runtime(*),master(*)"/>
		<dependency org="org.hibernate" name="hibernate" rev="3.2.5.ga" force="true" conf="optional->compile(*),master(*)">
			<exclude org="javax.transaction" module="jta" name="*" type="*" ext="*" conf="" matcher="exact"/>
		</dependency>
		<dependency org="ognl" name="ognl" rev="2.6.9" force="true" conf="optional->compile(*),master(*)"/>
		<dependency org="org.springframework" name="spring-orm" rev="2.5.6.SEC01" force="true" conf="optional->compile(*),master(*)"/>
		<dependency org="org.springframework" name="spring-webmvc-portlet" rev="2.5.6.SEC01" force="true" conf="optional->compile(*),master(*)"/>
		<dependency org="org.springframework" name="spring-tx" rev="2.5.6.SEC01" force="true" conf="optional->compile(*),master(*)"/>
		<dependency org="org.springframework.security" name="spring-security-core" rev="2.0.4" force="true" conf="optional->compile(*),master(*)"/>
		<dependency org="junit" name="junit" rev="3.8.2" force="true" conf="optional->compile(*),master(*)"/>
	</dependencies>
</ivy-module>
