<ivysettings>
  <settings defaultResolver="codehaus-plus"/>
  <include url="${ivy.default.settings.dir}/ivysettings-public.xml" />
  <include url="${ivy.default.settings.dir}/ivysettings-shared.xml"/>
  <include url="${ivy.default.settings.dir}/ivysettings-local.xml" />
  <include url="${ivy.default.settings.dir}/ivysettings-main-chain.xml"/>
  <resolvers>
    <chain name="codehaus-plus" dual="true">
      <ibiblio name="grails-core" root="http://repo.grails.org/grails/core" m2compatible="true" changingPattern=".*SNAPSHOT"/>
      <ibiblio name="grails-plugins" root="http://repo.grails.org/grails/plugins" m2compatible="true" changingPattern=".*SNAPSHOT"/>

      <resolver ref="public"/>
    </chain>
  </resolvers>
</ivysettings>
